{
  "summary": {
    "overall_mean": 0.2169947910740683,
    "overall_std": 0.261163516342404,
    "n_pairs": 35
  },
  "by_test": {
    "debate_passion": {
      "mean": 0.5447855969890952,
      "std": 0.034664030528420084
    },
    "debate_tension": {
      "mean": 0.029197679964515073,
      "std": 0.025310318873040673
    },
    "elyan_claude_focus": {
      "mean": 0.46529293186031284,
      "std": 0.22272093845169147
    },
    "elyan_sophia_focus": {
      "mean": 0.44618670484827205,
      "std": 0.2047890488727119
    },
    "sophia_contemplation": {
      "mean": 0.01033335051421697,
      "std": 0.0018724987175291333
    },
    "sophia_determination": {
      "mean": 0.008270273219871645,
      "std": 0.0030546443309629277
    },
    "sophia_realization": {
      "mean": 0.01489700012219449,
      "std": 0.005709697161316282
    }
  },
  "per_pair": {
    "debate_passion_s42424242": {
      "mean": 0.599877031131958,
      "std": 0.12179847881846984,
      "min": 0.01585993729531765,
      "max": 0.6300655603408813,
      "n_frames": 24
    },
    "debate_passion_s42425242": {
      "mean": 0.5111160698967675,
      "std": 0.10407618204463757,
      "min": 0.012156065553426743,
      "max": 0.5364636778831482,
      "n_frames": 24
    },
    "debate_passion_s42426242": {
      "mean": 0.5042210761457682,
      "std": 0.10200652189212653,
      "min": 0.015318915247917175,
      "max": 0.5301694273948669,
      "n_frames": 24
    },
    "debate_passion_s42427242": {
      "mean": 0.5566560025326908,
      "std": 0.11277627113363259,
      "min": 0.015914786607027054,
      "max": 0.5838184356689453,
      "n_frames": 24
    },
    "debate_passion_s42428242": {
      "mean": 0.5520578052382916,
      "std": 0.11214342181347799,
      "min": 0.014499368146061897,
      "max": 0.5815508365631104,
      "n_frames": 24
    },
    "debate_tension_s42424242": {
      "mean": 0.009523624641587958,
      "std": 0.0036226103657341423,
      "min": 0.00304791028611362,
      "max": 0.014919381588697433,
      "n_frames": 24
    },
    "debate_tension_s42425242": {
      "mean": 0.0209432485474584,
      "std": 0.009460740242638536,
      "min": 0.004174279514700174,
      "max": 0.04510311037302017,
      "n_frames": 24
    },
    "debate_tension_s42426242": {
      "mean": 0.07922153446512918,
      "std": 0.04407152811390243,
      "min": 0.00605765450745821,
      "max": 0.14522869884967804,
      "n_frames": 24
    },
    "debate_tension_s42427242": {
      "mean": 0.01732281440248092,
      "std": 0.008520521279967832,
      "min": 0.002946880180388689,
      "max": 0.030689310282468796,
      "n_frames": 24
    },
    "debate_tension_s42428242": {
      "mean": 0.018977177765918896,
      "std": 0.016093685914423863,
      "min": 0.0031111049465835094,
      "max": 0.04334782436490059,
      "n_frames": 24
    },
    "elyan_claude_focus_s42424242": {
      "mean": 0.02506471665886541,
      "std": 0.016898275485480636,
      "min": 0.005775128025561571,
      "max": 0.06304338574409485,
      "n_frames": 24
    },
    "elyan_claude_focus_s42425242": {
      "mean": 0.5964546276566883,
      "std": 0.11958912963991863,
      "min": 0.023059602826833725,
      "max": 0.6248642206192017,
      "n_frames": 24
    },
    "elyan_claude_focus_s42426242": {
      "mean": 0.5590039237091938,
      "std": 0.11317786425863245,
      "min": 0.023148521780967712,
      "max": 0.6034683585166931,
      "n_frames": 24
    },
    "elyan_claude_focus_s42427242": {
      "mean": 0.5227309772744775,
      "std": 0.10665226688258186,
      "min": 0.021977566182613373,
      "max": 0.5719754099845886,
      "n_frames": 24
    },
    "elyan_claude_focus_s42428242": {
      "mean": 0.623210414002339,
      "std": 0.12535636890206334,
      "min": 0.025333255529403687,
      "max": 0.6627414226531982,
      "n_frames": 24
    },
    "elyan_sophia_focus_s42424242": {
      "mean": 0.04532489688911786,
      "std": 0.01884354701096718,
      "min": 0.008156569674611092,
      "max": 0.07793006300926208,
      "n_frames": 24
    },
    "elyan_sophia_focus_s42425242": {
      "mean": 0.4666687906719744,
      "std": 0.19218041349453413,
      "min": 0.013012958690524101,
      "max": 0.5579104423522949,
      "n_frames": 24
    },
    "elyan_sophia_focus_s42426242": {
      "mean": 0.5844428937416524,
      "std": 0.11594141314421469,
      "min": 0.02874946780502796,
      "max": 0.6152275204658508,
      "n_frames": 24
    },
    "elyan_sophia_focus_s42427242": {
      "mean": 0.5584056402246157,
      "std": 0.11149296726764053,
      "min": 0.0241396427154541,
      "max": 0.5916286706924438,
      "n_frames": 24
    },
    "elyan_sophia_focus_s42428242": {
      "mean": 0.5760913027140001,
      "std": 0.11381423656691254,
      "min": 0.030516941100358963,
      "max": 0.6063819527626038,
      "n_frames": 24
    },
    "sophia_contemplation_s42424242": {
      "mean": 0.008033445114657903,
      "std": 0.0036765929319156187,
      "min": 0.002894435543566942,
      "max": 0.013522650115191936,
      "n_frames": 24
    },
    "sophia_contemplation_s42425242": {
      "mean": 0.008325050429751476,
      "std": 0.003807744229041353,
      "min": 0.0022777256090193987,
      "max": 0.01338259968906641,
      "n_frames": 24
    },
    "sophia_contemplation_s42426242": {
      "mean": 0.011319405700002486,
      "std": 0.004961691648733744,
      "min": 0.002646059263497591,
      "max": 0.01702588051557541,
      "n_frames": 24
    },
    "sophia_contemplation_s42427242": {
      "mean": 0.012921188046069195,
      "std": 0.007316767260866592,
      "min": 0.0027537248097360134,
      "max": 0.02415907010436058,
      "n_frames": 24
    },
    "sophia_contemplation_s42428242": {
      "mean": 0.011067663280603787,
      "std": 0.006729520253478379,
      "min": 0.002251286990940571,
      "max": 0.022113559767603874,
      "n_frames": 24
    },
    "sophia_determination_s42424242": {
      "mean": 0.01139315688245309,
      "std": 0.007338109939789367,
      "min": 0.0022587820421904325,
      "max": 0.023950500413775444,
      "n_frames": 24
    },
    "sophia_determination_s42425242": {
      "mean": 0.004130693812233706,
      "std": 0.0013042207573593831,
      "min": 0.0022599089425057173,
      "max": 0.007467699237167835,
      "n_frames": 24
    },
    "sophia_determination_s42426242": {
      "mean": 0.00796352420002222,
      "std": 0.003983636240907497,
      "min": 0.0025190720334649086,
      "max": 0.013829519040882587,
      "n_frames": 24
    },
    "sophia_determination_s42427242": {
      "mean": 0.011997602550157657,
      "std": 0.0069140370963917865,
      "min": 0.002820827765390277,
      "max": 0.021196745336055756,
      "n_frames": 24
    },
    "sophia_determination_s42428242": {
      "mean": 0.005866388654491554,
      "std": 0.002651318418789185,
      "min": 0.0023295097053050995,
      "max": 0.011891952715814114,
      "n_frames": 24
    },
    "sophia_realization_s42424242": {
      "mean": 0.025120150899359334,
      "std": 0.016120934674901114,
      "min": 0.002840036526322365,
      "max": 0.05175374448299408,
      "n_frames": 24
    },
    "sophia_realization_s42425242": {
      "mean": 0.008159632396806652,
      "std": 0.0037313262514732403,
      "min": 0.0021844194270670414,
      "max": 0.014520903117954731,
      "n_frames": 24
    },
    "sophia_realization_s42426242": {
      "mean": 0.011851025163196027,
      "std": 0.00480401838996069,
      "min": 0.002231831895187497,
      "max": 0.019518107175827026,
      "n_frames": 24
    },
    "sophia_realization_s42427242": {
      "mean": 0.013312619315305104,
      "std": 0.006711311455679411,
      "min": 0.002503887750208378,
      "max": 0.021801747381687164,
      "n_frames": 24
    },
    "sophia_realization_s42428242": {
      "mean": 0.016041572836305324,
      "std": 0.011424982712262263,
      "min": 0.00298806163482368,
      "max": 0.040014397352933884,