{
  "10": 0.41870821445869905,
  "15": 0.4110250196730097,
  "20": 0.4101805949273209,
  "24": 0.40981009555980563,
  "30": 0.40878395542191964,
  "40": 0.4090894356680413,
  "50": 0.301792511716485,
  "60": 0.0
}